URL,Title
https://news.yahoo.co.jp/,"

"
https://news.yahoo.co.jp/users/me,マイページ
https://news.yahoo.co.jp/settings/blocked-users,
https://news.yahoo.co.jp/byline/,個人
https://news.yahoo.co.jp/original/,オリジナル
https://news.yahoo.co.jp/polls/,みんなの意見
https://news.yahoo.co.jp/pickup/6455526,旧統一教会へ4回目の質問権行使
https://news.yahoo.co.jp/pickup/6455529,男女格差 遅れる日本に必要なのは
https://news.yahoo.co.jp/pickup/6455541,病院に車が突っ込む 2人死亡
https://news.yahoo.co.jp/pickup/6455532,教員切りつけ 殺人未遂疑い男逮捕
https://news.yahoo.co.jp/pickup/6455534,破水中に交通事故 危機救った医師
https://news.yahoo.co.jp/pickup/6455536,「VOGUE GIRL」サイト閉鎖へ
https://news.yahoo.co.jp/pickup/6455537,SB牧原大成 侍ジャパン追加招集
https://news.yahoo.co.jp/pickup/6455539,ヒロドアナ 報ステでスポーツ担当
https://news.yahoo.co.jp/pickup/6455541,病院に車が突っ込む 2人死亡
https://news.yahoo.co.jp/comment-timeline,最新コメントでみんなの話題をチェックコメントタイムラインでニュースを見よう
https://news.yahoo.co.jp/articles/71450597c8ac273872f2499d85d9fd8c625cd634,1路上で痙攣、ひたすら「お疲れさまです」と繰り返す少女… “市販薬オーバードーズ”で倒れるトー横の若者 「統制ない」現状ABEMA TIMES3/1(水)11:30
https://news.yahoo.co.jp/articles/3e84e1daaf3a81e2d65091c2d52138d926d01831,217歳女子高生タレントがTikTok休止示唆　「無加工顔」でまさかの容姿揶揄...誹謗中傷に批判の声J-CASTニュース3/1(水)12:44
https://news.yahoo.co.jp/articles/fd8df5ab86a6c6f61b55a5319d79c3c8ec396ac2,3【速報】大阪・生野区で病院に車が突っ込む　70代の女性2人が挟まれて死亡　運転の70代男を逮捕読売テレビ3/1(水)15:29
https://news.yahoo.co.jp/articles/b06efbf65c5dbf7904e9990c00a7c98a874e2bbd,4花粉症の「コップ理論」って本当!?専門医が教える“新常識”　花粉症“ではない人”も知っておきたいマナーとは【ひるおび】TBS NEWS DIG Powered by JNN3/1(水)15:31
https://news.yahoo.co.jp/articles/46e3cce8bb58d9a9850af22ae895dacba37e99f8,5バカリズムが水川あさみと「怒鳴り合いの口論」で撮影中止!?→その後「無理して撮った1枚」に笑いが止まらないよ！BuzzFeed Japan3/1(水)11:01
https://news.yahoo.co.jp/articles/301f57a85cdaae2e74ce7a1f7c5b6a7e909abdb6,1「子供に食べさせるな」コオロギ粉末給食に苦情殺到　試食2回提供の高校困惑「誤解されている」J-CASTニュース2/28(火)21:33
https://news.yahoo.co.jp/articles/b43e0abd52b8d7e05744d62cb73ea3a1a9c4d0e4,2【速報】「誰でもいいから人を殺したいと思った」　埼玉・戸田市の中学校で教員の男性切り付け　10代くらいの男を殺人未遂容疑で逮捕TBS NEWS DIG Powered by JNN3/1(水)13:160:37
https://news.yahoo.co.jp/articles/a8384297a7af16f0e84694916111e4363533cab3,3日本は協力パートナー　未来志向を呼び掛け　韓国大統領時事通信3/1(水)10:46
https://news.yahoo.co.jp/articles/b43e0abd52b8d7e05744d62cb73ea3a1a9c4d0e4,1【速報】「猫を殺したのは自分」埼玉・戸田市の中学校の教員切り付けで逮捕された男が関与ほのめかすTBS NEWS DIG Powered by JNN3/1(水)13:160:29
https://news.yahoo.co.jp/articles/a18390d3203b1b7f792f84177d045c8b62c5372f,2日本人の27歳女 フィリピンで新たに逮捕　特殊詐欺関与で指名手配FNNプライムオンライン（フジテレビ系）3/1(水)11:461:18
https://news.yahoo.co.jp/articles/139a8895aa512e926d2d2f5a86522d1524754af0,3【速報】マンション建設現場で“土砂崩落”作業員1人が心肺停止　横浜市TBS NEWS DIG Powered by JNN3/1(水)15:270:37
https://news.yahoo.co.jp/articles/fe06b2286777531973f911584ea76ab605f4aa77,1「青木功会長が泣き出してしまい…」日本ゴルフツアー機構で“クーデター”が　資産4千億円の大富豪副会長と対立デイリー新潮3/1(水)11:32
https://news.yahoo.co.jp/articles/7947b478eefff9f2cd37cfbf0efff406b6a77e20,2《児相送致》「母は超ミニスカート」「娘の服装はキラキラ」“地元の名家の箱入り娘”を凶行へ駆り立てた「母とのスマホトラブル」《静岡・13歳少女“母殺し”》文春オンライン3/1(水)15:12
https://news.yahoo.co.jp/articles/b34388d7fa64a5c6259097ba10b904ff4c695497,3逮捕された船岡久嗣アナは後輩女子アナに「捨てられた」　NHKがどうしても隠したい「不都合な真実」とはデイリー新潮3/1(水)11:57
https://news.yahoo.co.jp/articles/a2cfaabf40d4d7b017ac96bc9e4b00a282a259a3,4ウクライナ軍はまもなく大敗北喫し戦争終結、これだけの証拠JBpress3/1(水)6:02
https://news.yahoo.co.jp/articles/16b1b56b17bf61ffe29692681f7bc59112066801,5《ドラマ出演中》人気俳優・鈴木伸之、親密女性との「妊娠・中絶」を認める「心より申し訳なく思っています」NEWSポストセブン3/1(水)16:15
https://news.yahoo.co.jp/promo/app/yjnews/,アプリデータ先読みで、電車でもサクサク
https://news.yahoo.co.jp/newshack/,news HACKYahoo!ニュースのオウンドメディア
https://news.yahoo.co.jp/byline/,個人
https://news.yahoo.co.jp/original/,オリジナル
https://news.yahoo.co.jp/polls/,みんなの意見
https://news.yahoo.co.jp/info/news-operation-policy,運営方針
https://news.yahoo.co.jp/,"

"
https://news.yahoo.co.jp/users/me,マイページ
https://news.yahoo.co.jp/settings/blocked-users,
https://news.yahoo.co.jp/byline/,個人
https://news.yahoo.co.jp/original/,オリジナル
https://news.yahoo.co.jp/polls/,みんなの意見
https://news.yahoo.co.jp/pickup/6455588,ウ軍 東部要衝から戦略的撤退も
https://news.yahoo.co.jp/pickup/6455590,上皇さま弟 常陸宮さまが熱で入院
https://news.yahoo.co.jp/pickup/6455585,首相は「さまざま」封印を 辻元氏
https://news.yahoo.co.jp/pickup/6455569,車突っ込み2人死亡 逆走する映像
https://news.yahoo.co.jp/pickup/6455577,高校で呼吸苦訴え生徒ら30人搬送
https://news.yahoo.co.jp/pickup/6455589,メン地下 パパ活や売春に走る子も
https://news.yahoo.co.jp/pickup/6455561,ヤギと大悟がレギュラーに P驚き
https://news.yahoo.co.jp/pickup/6455574,北野日奈子と高橋龍輝、交際報道
https://news.yahoo.co.jp/pickup/6455590,上皇さま弟 常陸宮さまが熱で入院
https://news.yahoo.co.jp/comment-timeline,最新コメントでみんなの話題をチェックコメントタイムラインでニュースを見よう
https://news.yahoo.co.jp/articles/71450597c8ac273872f2499d85d9fd8c625cd634,1路上で痙攣、ひたすら「お疲れさまです」と繰り返す少女… “市販薬オーバードーズ”で倒れるトー横の若者 「統制ない」現状ABEMA TIMES3/1(水)11:30
https://news.yahoo.co.jp/articles/b06efbf65c5dbf7904e9990c00a7c98a874e2bbd,2花粉症の「コップ理論」って本当!?専門医が教える“新常識”　花粉症“ではない人”も知っておきたいマナーとは【ひるおび】TBS NEWS DIG Powered by JNN3/1(水)15:31
https://news.yahoo.co.jp/articles/bedf65ac437dcf3c90ac1bf12061b7c915c51f70,3ダルビッシュ有の弟・賢太、精巣がんの抗がん剤治療2クール目に奮起　外野コメに心折れるも「負けるわけにはいかん」ねとらぼ3/1(水)17:40
https://news.yahoo.co.jp/articles/46e3cce8bb58d9a9850af22ae895dacba37e99f8,4バカリズムが水川あさみと「怒鳴り合いの口論」で撮影中止!?→その後「無理して撮った1枚」に笑いが止まらないよ！BuzzFeed Japan3/1(水)11:01
https://news.yahoo.co.jp/articles/3e84e1daaf3a81e2d65091c2d52138d926d01831,517歳女子高生タレントがTikTok休止示唆　「無加工顔」でまさかの容姿揶揄...誹謗中傷に批判の声J-CASTニュース3/1(水)12:44
https://news.yahoo.co.jp/media/fvision,釣りビジョン マガジンの配信を開始しました。
https://news.yahoo.co.jp/articles/145ecf6348a4f86c4df8bcf0d6617272c5aa1a90,1パチンコメーカーの西陣が廃業「ぎりぎりまで事業継続に向けて検討」も…約70年の歴史に幕スポニチアネックス3/1(水)18:01
https://news.yahoo.co.jp/articles/93dff023efd54bdabf722d8177d174270dd488fd,2川勝・静岡県知事「工事やめて説明に来い」JR批判するも “犬の遠吠え” 状態…秘策の「田代ダム還水作戦」で最終局面との報道もSmartFLASH3/1(水)20:15
https://news.yahoo.co.jp/articles/a8384297a7af16f0e84694916111e4363533cab3,3「日本と価値共有」　元徴用工問題触れず、未来志向呼び掛け　韓国大統領時事通信3/1(水)10:46
https://news.yahoo.co.jp/articles/119dc69dd699260762659563ac52414ae99efc11,1小室圭さん 米ニューヨーク州の弁護士に正式登録　肩書が「アソシエイト」にテレビ朝日系（ANN）3/1(水)16:400:48
https://news.yahoo.co.jp/articles/bfefd9606e27910bc0eed7117617b13e76bb7f22,2【速報】病院に車が突っ込む直前映像　女性2人死亡“猛スピードで逆走”FNNプライムオンライン（フジテレビ系）3/1(水)18:030:24
https://news.yahoo.co.jp/articles/b864856593fdc0d95e1bb23d1bdfa8ec3901b6d9,3【速報】埼玉・戸田市の中学校で教員切り付け　逮捕は17歳高校生　”猫殺し”についても関与ほのめかすTBS NEWS DIG Powered by JNN3/1(水)17:201:21
https://news.yahoo.co.jp/articles/2925d146f424f62147258aa7925cdf9456a3f523,1全国でなぜか大人気！ 自動車のナンバープレートで『358』と『3588』が急増している「本当の理由」現代ビジネス3/1(水)7:03
https://news.yahoo.co.jp/articles/16b1b56b17bf61ffe29692681f7bc59112066801,2《ドラマ出演中》人気俳優・鈴木伸之、親密女性との「妊娠・中絶」を認める「心より申し訳なく思っています」NEWSポストセブン3/1(水)16:15
https://news.yahoo.co.jp/articles/1909f291b917e4761d088296a678eef3b7dae572,3巨人・オコエ、中日・細川は期待できる？ 「現役ドラフト組」で“高評価”の選手は〈dot.〉AERA dot.3/1(水)18:30
https://news.yahoo.co.jp/articles/e7776d9b67caae8e8f732ec6571443ca9709101f,4ケンドーコバヤシが「体調不良」で謎の1か月間休養　美容師のSNSにアップされた近影週刊女性PRIME3/1(水)19:01
https://news.yahoo.co.jp/articles/fe06b2286777531973f911584ea76ab605f4aa77,5「青木功会長が泣き出してしまい…」日本ゴルフツアー機構で“クーデター”が　資産4千億円の大富豪副会長と対立デイリー新潮3/1(水)11:32
https://news.yahoo.co.jp/promo/app/yjnews/,アプリデータ先読みで、電車でもサクサク
https://news.yahoo.co.jp/newshack/,news HACKYahoo!ニュースのオウンドメディア
https://news.yahoo.co.jp/byline/,個人
https://news.yahoo.co.jp/original/,オリジナル
https://news.yahoo.co.jp/polls/,みんなの意見
https://news.yahoo.co.jp/info/news-operation-policy,運営方針
https://news.yahoo.co.jp/,"

"
https://news.yahoo.co.jp/users/me,マイページ
https://news.yahoo.co.jp/settings/blocked-users,
https://news.yahoo.co.jp/byline/,個人
https://news.yahoo.co.jp/original/,オリジナル
https://news.yahoo.co.jp/polls/,みんなの意見
https://news.yahoo.co.jp/pickup/6455588,ウ軍 東部要衝から戦略的撤退も
https://news.yahoo.co.jp/pickup/6455590,上皇さま弟 常陸宮さまが熱で入院
https://news.yahoo.co.jp/pickup/6455585,首相は「さまざま」封印を 辻元氏
https://news.yahoo.co.jp/pickup/6455569,車突っ込み2人死亡 逆走する映像
https://news.yahoo.co.jp/pickup/6455577,高校で呼吸苦訴え生徒ら30人搬送
https://news.yahoo.co.jp/pickup/6455589,メン地下 パパ活や売春に走る子も
https://news.yahoo.co.jp/pickup/6455561,テレ東 ヤギと大悟がレギュラーに
https://news.yahoo.co.jp/pickup/6455574,北野日奈子と高橋龍輝、交際報道
https://news.yahoo.co.jp/pickup/6455590,上皇さま弟 常陸宮さまが熱で入院
https://news.yahoo.co.jp/comment-timeline,最新コメントでみんなの話題をチェックコメントタイムラインでニュースを見よう
https://news.yahoo.co.jp/articles/71450597c8ac273872f2499d85d9fd8c625cd634,1路上で痙攣、ひたすら「お疲れさまです」と繰り返す少女… “市販薬オーバードーズ”で倒れるトー横の若者 「統制ない」現状ABEMA TIMES3/1(水)11:30
https://news.yahoo.co.jp/articles/b06efbf65c5dbf7904e9990c00a7c98a874e2bbd,2花粉症の「コップ理論」って本当!?専門医が教える“新常識”　花粉症“ではない人”も知っておきたいマナーとは【ひるおび】TBS NEWS DIG Powered by JNN3/1(水)15:31
https://news.yahoo.co.jp/articles/bedf65ac437dcf3c90ac1bf12061b7c915c51f70,3ダルビッシュ有の弟・賢太、精巣がんの抗がん剤治療2クール目に奮起　外野コメに心折れるも「負けるわけにはいかん」ねとらぼ3/1(水)17:40
https://news.yahoo.co.jp/articles/46e3cce8bb58d9a9850af22ae895dacba37e99f8,4バカリズムが水川あさみと「怒鳴り合いの口論」で撮影中止!?→その後「無理して撮った1枚」に笑いが止まらないよ！BuzzFeed Japan3/1(水)11:01
https://news.yahoo.co.jp/articles/3e84e1daaf3a81e2d65091c2d52138d926d01831,517歳女子高生タレントがTikTok休止示唆　「無加工顔」でまさかの容姿揶揄...誹謗中傷に批判の声J-CASTニュース3/1(水)12:44
https://news.yahoo.co.jp/media/fvision,釣りビジョン マガジンの配信を開始しました。
https://news.yahoo.co.jp/articles/145ecf6348a4f86c4df8bcf0d6617272c5aa1a90,1パチンコメーカーの西陣が廃業「ぎりぎりまで事業継続に向けて検討」も…約70年の歴史に幕スポニチアネックス3/1(水)18:01
https://news.yahoo.co.jp/articles/93dff023efd54bdabf722d8177d174270dd488fd,2川勝・静岡県知事「工事やめて説明に来い」JR批判するも “犬の遠吠え” 状態…秘策の「田代ダム還水作戦」で最終局面との報道もSmartFLASH3/1(水)20:15
https://news.yahoo.co.jp/articles/301f57a85cdaae2e74ce7a1f7c5b6a7e909abdb6,3「子供に食べさせるな」コオロギ粉末給食に苦情殺到　試食2回提供の高校困惑「誤解されている」J-CASTニュース2/28(火)21:33
https://news.yahoo.co.jp/articles/119dc69dd699260762659563ac52414ae99efc11,1小室圭さん 米ニューヨーク州の弁護士に正式登録　肩書が「アソシエイト」にテレビ朝日系（ANN）3/1(水)16:400:48
https://news.yahoo.co.jp/articles/bfefd9606e27910bc0eed7117617b13e76bb7f22,2【速報】病院に車が突っ込む直前映像　女性2人死亡“猛スピードで逆走”FNNプライムオンライン（フジテレビ系）3/1(水)18:030:24
https://news.yahoo.co.jp/articles/b864856593fdc0d95e1bb23d1bdfa8ec3901b6d9,3【速報】埼玉・戸田市の中学校で教員切り付け　逮捕は17歳高校生　”猫殺し”についても関与ほのめかすTBS NEWS DIG Powered by JNN3/1(水)17:201:21
https://news.yahoo.co.jp/articles/2925d146f424f62147258aa7925cdf9456a3f523,1全国でなぜか大人気！ 自動車のナンバープレートで『358』と『3588』が急増している「本当の理由」現代ビジネス3/1(水)7:03
https://news.yahoo.co.jp/articles/16b1b56b17bf61ffe29692681f7bc59112066801,2《ドラマ出演中》人気俳優・鈴木伸之、親密女性との「妊娠・中絶」を認める「心より申し訳なく思っています」NEWSポストセブン3/1(水)16:15
https://news.yahoo.co.jp/articles/1909f291b917e4761d088296a678eef3b7dae572,3巨人・オコエ、中日・細川は期待できる？ 「現役ドラフト組」で“高評価”の選手は〈dot.〉AERA dot.3/1(水)18:30
https://news.yahoo.co.jp/articles/e7776d9b67caae8e8f732ec6571443ca9709101f,4ケンドーコバヤシが「体調不良」で謎の1か月間休養　美容師のSNSにアップされた近影週刊女性PRIME3/1(水)19:01
https://news.yahoo.co.jp/articles/fe06b2286777531973f911584ea76ab605f4aa77,5「青木功会長が泣き出してしまい…」日本ゴルフツアー機構で“クーデター”が　資産4千億円の大富豪副会長と対立デイリー新潮3/1(水)11:32
https://news.yahoo.co.jp/promo/app/yjnews/,アプリデータ先読みで、電車でもサクサク
https://news.yahoo.co.jp/newshack/,news HACKYahoo!ニュースのオウンドメディア
https://news.yahoo.co.jp/byline/,個人
https://news.yahoo.co.jp/original/,オリジナル
https://news.yahoo.co.jp/polls/,みんなの意見
https://news.yahoo.co.jp/info/news-operation-policy,運営方針
https://news.yahoo.co.jp/,"

"
https://news.yahoo.co.jp/users/me,マイページ
https://news.yahoo.co.jp/settings/blocked-users,
https://news.yahoo.co.jp/byline/,個人
https://news.yahoo.co.jp/original/,オリジナル
https://news.yahoo.co.jp/polls/,みんなの意見
https://news.yahoo.co.jp/pickup/6455588,ウ軍 東部要衝から戦略的撤退も
https://news.yahoo.co.jp/pickup/6455590,上皇さま弟 常陸宮さまが熱で入院
https://news.yahoo.co.jp/pickup/6455585,首相は「さまざま」封印を 辻元氏
https://news.yahoo.co.jp/pickup/6455569,車突っ込み2人死亡 逆走する映像
https://news.yahoo.co.jp/pickup/6455577,高校で呼吸苦訴え生徒ら30人搬送
https://news.yahoo.co.jp/pickup/6455589,メン地下 パパ活や売春に走る子も
https://news.yahoo.co.jp/pickup/6455561,テレ東 ヤギと大悟がレギュラーに
https://news.yahoo.co.jp/pickup/6455574,北野日奈子と高橋龍輝、交際報道
https://news.yahoo.co.jp/pickup/6455590,上皇さま弟 常陸宮さまが熱で入院
https://news.yahoo.co.jp/comment-timeline,最新コメントでみんなの話題をチェックコメントタイムラインでニュースを見よう
https://news.yahoo.co.jp/articles/71450597c8ac273872f2499d85d9fd8c625cd634,1路上で痙攣、ひたすら「お疲れさまです」と繰り返す少女… “市販薬オーバードーズ”で倒れるトー横の若者 「統制ない」現状ABEMA TIMES3/1(水)11:30
https://news.yahoo.co.jp/articles/b06efbf65c5dbf7904e9990c00a7c98a874e2bbd,2花粉症の「コップ理論」って本当!?専門医が教える“新常識”　花粉症“ではない人”も知っておきたいマナーとは【ひるおび】TBS NEWS DIG Powered by JNN3/1(水)15:31
https://news.yahoo.co.jp/articles/bedf65ac437dcf3c90ac1bf12061b7c915c51f70,3ダルビッシュ有の弟・賢太、精巣がんの抗がん剤治療2クール目に奮起　外野コメに心折れるも「負けるわけにはいかん」ねとらぼ3/1(水)17:40
https://news.yahoo.co.jp/articles/46e3cce8bb58d9a9850af22ae895dacba37e99f8,4バカリズムが水川あさみと「怒鳴り合いの口論」で撮影中止!?→その後「無理して撮った1枚」に笑いが止まらないよ！BuzzFeed Japan3/1(水)11:01
https://news.yahoo.co.jp/articles/3e84e1daaf3a81e2d65091c2d52138d926d01831,517歳女子高生タレントがTikTok休止示唆　「無加工顔」でまさかの容姿揶揄...誹謗中傷に批判の声J-CASTニュース3/1(水)12:44
https://news.yahoo.co.jp/media/fvision,釣りビジョン マガジンの配信を開始しました。
https://news.yahoo.co.jp/articles/145ecf6348a4f86c4df8bcf0d6617272c5aa1a90,1パチンコメーカーの西陣が廃業「ぎりぎりまで事業継続に向けて検討」も…約70年の歴史に幕スポニチアネックス3/1(水)18:01
https://news.yahoo.co.jp/articles/93dff023efd54bdabf722d8177d174270dd488fd,2川勝・静岡県知事「工事やめて説明に来い」JR批判するも “犬の遠吠え” 状態…秘策の「田代ダム還水作戦」で最終局面との報道もSmartFLASH3/1(水)20:15
https://news.yahoo.co.jp/articles/301f57a85cdaae2e74ce7a1f7c5b6a7e909abdb6,3「子供に食べさせるな」コオロギ粉末給食に苦情殺到　試食2回提供の高校困惑「誤解されている」J-CASTニュース2/28(火)21:33
https://news.yahoo.co.jp/articles/119dc69dd699260762659563ac52414ae99efc11,1小室圭さん 米ニューヨーク州の弁護士に正式登録　肩書が「アソシエイト」にテレビ朝日系（ANN）3/1(水)16:400:48
https://news.yahoo.co.jp/articles/bfefd9606e27910bc0eed7117617b13e76bb7f22,2【速報】病院に車が突っ込む直前映像　女性2人死亡“猛スピードで逆走”FNNプライムオンライン（フジテレビ系）3/1(水)18:030:24
https://news.yahoo.co.jp/articles/b864856593fdc0d95e1bb23d1bdfa8ec3901b6d9,3【速報】埼玉・戸田市の中学校で教員切り付け　逮捕は17歳高校生　”猫殺し”についても関与ほのめかすTBS NEWS DIG Powered by JNN3/1(水)17:201:21
https://news.yahoo.co.jp/articles/2925d146f424f62147258aa7925cdf9456a3f523,1全国でなぜか大人気！ 自動車のナンバープレートで『358』と『3588』が急増している「本当の理由」現代ビジネス3/1(水)7:03
https://news.yahoo.co.jp/articles/16b1b56b17bf61ffe29692681f7bc59112066801,2《ドラマ出演中》人気俳優・鈴木伸之、親密女性との「妊娠・中絶」を認める「心より申し訳なく思っています」NEWSポストセブン3/1(水)16:15
https://news.yahoo.co.jp/articles/1909f291b917e4761d088296a678eef3b7dae572,3巨人・オコエ、中日・細川は期待できる？ 「現役ドラフト組」で“高評価”の選手は〈dot.〉AERA dot.3/1(水)18:30
https://news.yahoo.co.jp/articles/e7776d9b67caae8e8f732ec6571443ca9709101f,4ケンドーコバヤシが「体調不良」で謎の1か月間休養　美容師のSNSにアップされた近影週刊女性PRIME3/1(水)19:01
https://news.yahoo.co.jp/articles/fe06b2286777531973f911584ea76ab605f4aa77,5「青木功会長が泣き出してしまい…」日本ゴルフツアー機構で“クーデター”が　資産4千億円の大富豪副会長と対立デイリー新潮3/1(水)11:32
https://news.yahoo.co.jp/promo/app/yjnews/,アプリデータ先読みで、電車でもサクサク
https://news.yahoo.co.jp/newshack/,news HACKYahoo!ニュースのオウンドメディア
https://news.yahoo.co.jp/byline/,個人
https://news.yahoo.co.jp/original/,オリジナル
https://news.yahoo.co.jp/polls/,みんなの意見
https://news.yahoo.co.jp/info/news-operation-policy,運営方針
